Date;Time;Event Name;IP Address;Action;Host;URL;Response Code;Time to Load (ms);Time to First Byte (ms);Start Time (ms);Bytes Out;Bytes In;Object Size;Cookie Size (out);Cookie Count(out);Expires;Cache Control;Content Type;Content Encoding;Transaction Type;Socket ID;Document ID;End Time (ms);Descriptor;Lab ID;Dialer ID;Connection Type;Cached;Event URL;Pagetest Build;Measurement Type;Experimental;Event GUID;Sequence Number;Cache Score;Static CDN Score;GZIP Score;Cookie Score;Keep-Alive Score;DOCTYPE Score;Minify Score;Combine Score;Compression Score;ETag Score;Flagged;Secure;DNS Time;Connect Time;SSL Time;Gzip Total Bytes;Gzip Savings;Minify Total Bytes;Minify Savings;Image Total Bytes;Image Savings;Cache Time (sec);Real Start Time (ms);Full Time to Load (ms);Optimization Checked;CDN Provider;DNS Start;DNS End;Connect Start;Connect End;SSL Negotiation Start;SSL Negotiation End;Initiator;Initiator Line;Initiator Column;Server Count;Server RTT;Run;Cached
07/24/2016;08:04:53;Step 1;141.62.110.42;GET;im-im2.hdm-stuttgart.de;/dozenten.html;200;52;41;91;319;7349;6934;;;Sun, 24 Jul 2016 09:04:51 GMT;max-age=3600;text/html;gzip;3;43;;143;;;;;;;;;;;1;50;-1;100;-1;100;-1;-1;-1;-1;-1;0;0;-1;-1;-1;7349;0;0;0;0;0;3600;;;1;;0;55;56;90;0;0;;;;1;34;1;0
07/24/2016;08:04:53;Step 1;141.62.110.42;GET;im-im2.hdm-stuttgart.de;/css/style.css;200;38;37;196;329;1933;1538;;;Mon, 24 Jul 2017 08:04:51 GMT;max-age=31536000;text/css;gzip;3;43;;234;;;;;;;;;;;2;100;0;100;-1;100;-1;-1;-1;-1;-1;0;0;-1;-1;-1;1933;0;0;0;0;0;31536000;;;1;;0;0;0;0;0;0;;;;1;34;1;0
07/24/2016;08:04:53;Step 1;141.62.110.42;GET;im-im2.hdm-stuttgart.de;/css/http1/stylehttp1.css;200;79;54;234;340;4604;4186;;;Mon, 24 Jul 2017 08:04:51 GMT;max-age=31536000;text/css;gzip;3;48;;313;;;;;;;;;;;3;100;0;100;-1;100;-1;-1;-1;-1;-1;0;0;-1;-1;-1;4604;0;0;0;0;0;31536000;;;1;;0;0;196;234;0;0;;;;1;34;1;0
07/24/2016;08:04:53;Step 1;141.62.110.42;GET;im-im2.hdm-stuttgart.de;/css/http1/bootstrap.css;200;137;59;234;339;21657;21237;;;Mon, 24 Jul 2017 08:04:51 GMT;max-age=31536000;text/css;gzip;3;49;;371;;;;;;;;;;;4;100;0;100;-1;100;-1;-1;-1;-1;-1;0;0;-1;-1;-1;21657;0;0;0;0;0;31536000;;;1;;0;0;197;234;0;0;;;;1;34;1;0
07/24/2016;08:04:53;Step 1;141.62.110.42;GET;im-im2.hdm-stuttgart.de;/js/jquery.min.js;200;161;52;234;317;30336;29902;;;Mon, 24 Jul 2017 08:04:51 GMT;max-age=31536000;application/javascript;gzip;3;50;;395;;;;;;;;;;;5;100;0;100;-1;100;-1;-1;-1;-1;-1;0;0;-1;-1;-1;30336;0;0;0;0;0;31536000;;;1;;0;0;199;234;0;0;;;;1;34;1;0
07/24/2016;08:04:53;Step 1;141.62.110.42;GET;im-im2.hdm-stuttgart.de;/js/http1/bootstrap.min.js;200;76;42;234;326;10197;9765;;;Mon, 24 Jul 2017 08:04:51 GMT;max-age=31536000;application/javascript;gzip;3;51;;310;;;;;;;;;;;6;100;0;100;-1;100;-1;-1;-1;-1;-1;0;0;-1;-1;-1;10197;0;0;0;0;0;31536000;;;1;;0;0;200;234;0;0;;;;1;34;1;0
07/24/2016;08:04:53;Step 1;141.62.110.42;GET;im-im2.hdm-stuttgart.de;/uploads/logos/logo-hdm.png;200;108;108;372;327;946;605;;;Tue, 23 Aug 2016 08:04:51 GMT;max-age=2592000;image/png;;3;51;;480;;;;;;;;;;;7;100;0;-1;-1;100;-1;-1;-1;-1;-1;0;0;-1;-1;-1;0;0;0;0;0;0;2592000;;;1;;0;0;0;0;0;0;;;;1;34;1;0
07/24/2016;08:04:53;Step 1;141.62.110.42;GET;im-im2.hdm-stuttgart.de;/uploads/sponsoren/united-internet.png;200;108;108;372;338;10235;9892;;;Tue, 23 Aug 2016 08:04:51 GMT;max-age=2592000;image/png;;3;43;;480;;;;;;;;;;;8;100;0;-1;-1;100;-1;-1;-1;-1;-1;0;0;-1;-1;-1;0;0;0;0;0;0;2592000;;;1;;0;0;0;0;0;0;;;;1;34;1;0
07/24/2016;08:04:53;Step 1;141.62.110.42;GET;im-im2.hdm-stuttgart.de;/uploads/sponsoren/dmc.png;200;108;108;372;326;2548;2206;;;Tue, 23 Aug 2016 08:04:51 GMT;max-age=2592000;image/png;;3;48;;480;;;;;;;;;;;9;100;0;-1;-1;100;-1;-1;-1;-1;-1;0;0;-1;-1;-1;0;0;0;0;0;0;2592000;;;1;;0;0;0;0;0;0;;;;1;34;1;0
07/24/2016;08:04:53;Step 1;141.62.110.42;GET;im-im2.hdm-stuttgart.de;/uploads/sponsoren/burda.png;200;108;108;372;328;4226;3884;;;Tue, 23 Aug 2016 08:04:51 GMT;max-age=2592000;image/png;;3;49;;480;;;;;;;;;;;10;100;0;-1;-1;100;-1;-1;-1;-1;-1;0;0;-1;-1;-1;0;0;0;0;0;0;2592000;;;1;;0;0;0;0;0;0;;;;1;34;1;0
07/24/2016;08:04:53;Step 1;141.62.110.42;GET;im-im2.hdm-stuttgart.de;/uploads/sponsoren/vitra.png;200;85;85;395;328;3770;3428;;;Tue, 23 Aug 2016 08:04:51 GMT;max-age=2592000;image/png;;3;50;;480;;;;;;;;;;;11;100;0;-1;-1;100;-1;-1;-1;-1;-1;0;0;-1;-1;-1;0;0;0;0;0;0;2592000;;;1;;0;0;0;0;0;0;;;;1;34;1;0
07/24/2016;08:04:53;Step 1;141.62.110.42;GET;im-im2.hdm-stuttgart.de;/uploads/sponsoren/ravensburger.png;200;60;60;481;335;3154;2812;;;Tue, 23 Aug 2016 08:04:51 GMT;max-age=2592000;image/png;;3;43;;541;;;;;;;;;;;12;100;0;-1;-1;100;-1;-1;-1;-1;-1;0;0;-1;-1;-1;0;0;0;0;0;0;2592000;;;1;;0;0;0;0;0;0;;;;1;34;1;0
07/24/2016;08:04:53;Step 1;141.62.110.42;GET;im-im2.hdm-stuttgart.de;/uploads/sponsoren/kresse-discher.png;200;60;60;481;337;2672;2330;;;Tue, 23 Aug 2016 08:04:51 GMT;max-age=2592000;image/png;;3;48;;541;;;;;;;;;;;13;100;0;-1;-1;100;-1;-1;-1;-1;-1;0;0;-1;-1;-1;0;0;0;0;0;0;2592000;;;1;;0;0;0;0;0;0;;;;1;34;1;0
07/24/2016;08:04:53;Step 1;141.62.110.42;GET;im-im2.hdm-stuttgart.de;/uploads/professoren/team-hover.jpg;200;665;42;500;346;165840;165493;;;Tue, 23 Aug 2016 08:04:51 GMT;max-age=2592000;image/jpeg;;3;50;;1165;;;;;;;;;;;14;100;0;-1;-1;100;-1;-1;-1;60;-1;0;0;-1;-1;-1;0;0;0;0;165493;65785;2592000;;;1;;0;0;0;0;0;0;;;;1;34;1;0
07/24/2016;08:04:53;Step 1;141.62.110.42;GET;im-im2.hdm-stuttgart.de;/fonts/Amsdam.ttf;200;723;54;500;391;197351;196992;;;Tue, 23 Aug 2016 08:04:51 GMT;max-age=2592000;application/x-font-ttf;;3;49;;1223;;;;;;;;;;;15;100;-1;0;-1;100;-1;-1;-1;-1;-1;0;0;-1;-1;-1;197351;143959;0;0;0;0;2592000;;;1;;0;0;0;0;0;0;;;;1;34;1;0
07/24/2016;08:04:53;Step 1;141.62.110.42;GET;im-im2.hdm-stuttgart.de;/fonts/HdMFrutigerNextPro-Light.woff;200;290;63;500;405;45934;45576;;;Tue, 23 Aug 2016 08:04:51 GMT;max-age=2592000;application/x-font-woff;;3;51;;790;;;;;;;;;;;16;100;-1;-1;-1;100;-1;-1;-1;-1;-1;0;0;-1;-1;-1;0;0;0;0;0;0;2592000;;;1;;0;0;0;0;0;0;;;;1;34;1;0
07/24/2016;08:04:53;Step 1;141.62.110.42;GET;im-im2.hdm-stuttgart.de;/favicon.ico;200;43;43;1268;317;661;318;;;Sun, 31 Jul 2016 08:04:52 GMT;max-age=604800;image/x-icon;;3;49;;1311;;;;;;;;;;;17;100;0;-1;-1;100;-1;-1;-1;-1;-1;0;0;-1;-1;-1;0;0;0;0;0;0;604800;;;1;;0;0;0;0;0;0;;;;1;34;1;0
07/24/2016;08:05:11;Step 1;141.62.110.42;GET;im-im2.hdm-stuttgart.de;/dozenten.html;200;58;42;65;319;7349;6934;;;Sun, 24 Jul 2016 09:05:08 GMT;max-age=3600;text/html;gzip;3;44;;123;;;;;;;;;;;1;50;-1;100;-1;100;-1;-1;-1;-1;-1;0;0;-1;-1;-1;7349;0;0;0;0;0;3600;;;1;;0;30;30;65;0;0;;;;1;34;2;0
07/24/2016;08:05:11;Step 1;141.62.110.42;GET;im-im2.hdm-stuttgart.de;/css/style.css;200;49;48;142;329;1933;1538;;;Mon, 24 Jul 2017 08:05:08 GMT;max-age=31536000;text/css;gzip;3;44;;191;;;;;;;;;;;2;100;0;100;-1;100;-1;-1;-1;-1;-1;0;0;-1;-1;-1;1933;0;0;0;0;0;31536000;;;1;;0;0;0;0;0;0;;;;1;34;2;0
07/24/2016;08:05:11;Step 1;141.62.110.42;GET;im-im2.hdm-stuttgart.de;/css/http1/bootstrap.css;200;135;44;190;339;21657;21237;;;Mon, 24 Jul 2017 08:05:08 GMT;max-age=31536000;text/css;gzip;3;48;;325;;;;;;;;;;;3;100;0;100;-1;100;-1;-1;-1;-1;-1;0;0;-1;-1;-1;21657;0;0;0;0;0;31536000;;;1;;0;0;143;190;0;0;;;;1;34;2;0
07/24/2016;08:05:11;Step 1;141.62.110.42;GET;im-im2.hdm-stuttgart.de;/css/http1/stylehttp1.css;200;72;46;190;340;4604;4186;;;Mon, 24 Jul 2017 08:05:08 GMT;max-age=31536000;text/css;gzip;3;47;;262;;;;;;;;;;;4;100;0;100;-1;100;-1;-1;-1;-1;-1;0;0;-1;-1;-1;4604;0;0;0;0;0;31536000;;;1;;0;0;142;190;0;0;;;;1;34;2;0
07/24/2016;08:05:11;Step 1;141.62.110.42;GET;im-im2.hdm-stuttgart.de;/js/jquery.min.js;200;159;50;191;317;30313;29902;;;Mon, 24 Jul 2017 08:05:08 GMT;max-age=31536000;application/javascript;gzip;3;44;;350;;;;;;;;;;;5;100;0;100;-1;100;-1;-1;-1;-1;-1;0;0;-1;-1;-1;30313;0;0;0;0;0;31536000;;;1;;0;0;0;0;0;0;;;;1;34;2;0
07/24/2016;08:05:11;Step 1;141.62.110.42;GET;im-im2.hdm-stuttgart.de;/js/http1/bootstrap.min.js;200;93;45;203;326;10197;9765;;;Mon, 24 Jul 2017 08:05:08 GMT;max-age=31536000;application/javascript;gzip;3;49;;296;;;;;;;;;;;6;100;0;100;-1;100;-1;-1;-1;-1;-1;0;0;-1;-1;-1;10197;0;0;0;0;0;31536000;;;1;;0;0;161;202;0;0;;;;1;34;2;0
07/24/2016;08:05:11;Step 1;141.62.110.42;GET;im-im2.hdm-stuttgart.de;/uploads/logos/logo-hdm.png;200;74;74;326;327;946;605;;;Tue, 23 Aug 2016 08:05:08 GMT;max-age=2592000;image/png;;3;49;;400;;;;;;;;;;;7;100;0;-1;-1;100;-1;-1;-1;-1;-1;0;0;-1;-1;-1;0;0;0;0;0;0;2592000;;;1;;0;0;0;0;0;0;;;;1;34;2;0
07/24/2016;08:05:11;Step 1;141.62.110.42;GET;im-im2.hdm-stuttgart.de;/uploads/sponsoren/united-internet.png;200;84;74;326;338;10235;9892;;;Tue, 23 Aug 2016 08:05:09 GMT;max-age=2592000;image/png;;3;47;;410;;;;;;;;;;;8;100;0;-1;-1;100;-1;-1;-1;-1;-1;0;0;-1;-1;-1;0;0;0;0;0;0;2592000;;;1;;0;0;0;0;0;0;;;;1;34;2;0
07/24/2016;08:05:11;Step 1;141.62.110.42;GET;im-im2.hdm-stuttgart.de;/uploads/sponsoren/dmc.png;200;74;74;326;326;2571;2206;;;Tue, 23 Aug 2016 08:05:08 GMT;max-age=2592000;image/png;;3;50;;400;;;;;;;;;;;9;100;0;-1;-1;100;-1;-1;-1;-1;-1;0;0;-1;-1;-1;0;0;0;0;0;0;2592000;;;1;;0;0;161;203;0;0;;;;1;34;2;0
07/24/2016;08:05:11;Step 1;141.62.110.42;GET;im-im2.hdm-stuttgart.de;/uploads/sponsoren/burda.png;200;74;74;326;328;4249;3884;;;Tue, 23 Aug 2016 08:05:08 GMT;max-age=2592000;image/png;;3;51;;400;;;;;;;;;;;10;100;0;-1;-1;100;-1;-1;-1;-1;-1;0;0;-1;-1;-1;0;0;0;0;0;0;2592000;;;1;;0;0;161;203;0;0;;;;1;34;2;0
07/24/2016;08:05:11;Step 1;141.62.110.42;GET;im-im2.hdm-stuttgart.de;/uploads/sponsoren/vitra.png;200;74;74;326;328;3770;3428;;;Tue, 23 Aug 2016 08:05:08 GMT;max-age=2592000;image/png;;3;48;;400;;;;;;;;;;;11;100;0;-1;-1;100;-1;-1;-1;-1;-1;0;0;-1;-1;-1;0;0;0;0;0;0;2592000;;;1;;0;0;0;0;0;0;;;;1;34;2;0
07/24/2016;08:05:11;Step 1;141.62.110.42;GET;im-im2.hdm-stuttgart.de;/uploads/sponsoren/ravensburger.png;200;61;50;350;335;3154;2812;;;Tue, 23 Aug 2016 08:05:09 GMT;max-age=2592000;image/png;;3;44;;411;;;;;;;;;;;12;100;0;-1;-1;100;-1;-1;-1;-1;-1;0;0;-1;-1;-1;0;0;0;0;0;0;2592000;;;1;;0;0;0;0;0;0;;;;1;34;2;0
07/24/2016;08:05:11;Step 1;141.62.110.42;GET;im-im2.hdm-stuttgart.de;/uploads/professoren/team-hover.jpg;200;613;49;400;346;165840;165493;;;Tue, 23 Aug 2016 08:05:09 GMT;max-age=2592000;image/jpeg;;3;49;;1013;;;;;;;;;;;13;100;0;-1;-1;100;-1;-1;-1;60;-1;0;0;-1;-1;-1;0;0;0;0;165493;65785;2592000;;;1;;0;0;0;0;0;0;;;;1;34;2;0
07/24/2016;08:05:11;Step 1;141.62.110.42;GET;im-im2.hdm-stuttgart.de;/uploads/sponsoren/kresse-discher.png;200;58;49;401;337;2672;2330;;;Tue, 23 Aug 2016 08:05:09 GMT;max-age=2592000;image/png;;3;50;;459;;;;;;;;;;;14;100;0;-1;-1;100;-1;-1;-1;-1;-1;0;0;-1;-1;-1;0;0;0;0;0;0;2592000;;;1;;0;0;0;0;0;0;;;;1;34;2;0
07/24/2016;08:05:11;Step 1;141.62.110.42;GET;im-im2.hdm-stuttgart.de;/fonts/Amsdam.ttf;200;654;40;479;391;197351;196992;;;Tue, 23 Aug 2016 08:05:09 GMT;max-age=2592000;application/x-font-ttf;;3;44;;1133;;;;;;;;;;;15;100;-1;0;-1;100;-1;-1;-1;-1;-1;0;0;-1;-1;-1;197351;143959;0;0;0;0;2592000;;;1;;0;0;0;0;0;0;;;;1;34;2;0
07/24/2016;08:05:11;Step 1;141.62.110.42;GET;im-im2.hdm-stuttgart.de;/fonts/HdMFrutigerNextPro-Light.woff;200;270;45;479;405;45934;45576;;;Tue, 23 Aug 2016 08:05:09 GMT;max-age=2592000;application/x-font-woff;;3;48;;749;;;;;;;;;;;16;100;-1;-1;-1;100;-1;-1;-1;-1;-1;0;0;-1;-1;-1;0;0;0;0;0;0;2592000;;;1;;0;0;0;0;0;0;;;;1;34;2;0
07/24/2016;08:05:11;Step 1;141.62.110.42;GET;im-im2.hdm-stuttgart.de;/favicon.ico;200;47;47;1145;317;661;318;;;Sun, 31 Jul 2016 08:05:09 GMT;max-age=604800;image/x-icon;;3;44;;1192;;;;;;;;;;;17;100;0;-1;-1;100;-1;-1;-1;-1;-1;0;0;-1;-1;-1;0;0;0;0;0;0;604800;;;1;;0;0;0;0;0;0;;;;1;34;2;0
07/24/2016;08:05:28;Step 1;141.62.110.42;GET;im-im2.hdm-stuttgart.de;/dozenten.html;200;52;42;66;319;7349;6934;;;Sun, 24 Jul 2016 09:05:26 GMT;max-age=3600;text/html;gzip;3;44;;118;;;;;;;;;;;1;50;-1;100;-1;100;-1;-1;-1;-1;-1;0;0;-1;-1;-1;7349;0;0;0;0;0;3600;;;1;;0;30;31;66;0;0;;;;1;32;3;0
07/24/2016;08:05:28;Step 1;141.62.110.42;GET;im-im2.hdm-stuttgart.de;/css/style.css;200;44;43;166;329;1933;1538;;;Mon, 24 Jul 2017 08:05:26 GMT;max-age=31536000;text/css;gzip;3;44;;210;;;;;;;;;;;2;100;0;100;-1;100;-1;-1;-1;-1;-1;0;0;-1;-1;-1;1933;0;0;0;0;0;31536000;;;1;;0;0;0;0;0;0;;;;1;32;3;0
07/24/2016;08:05:28;Step 1;141.62.110.42;GET;im-im2.hdm-stuttgart.de;/css/http1/stylehttp1.css;200;46;41;210;340;4581;4186;;;Mon, 24 Jul 2017 08:05:26 GMT;max-age=31536000;text/css;gzip;3;44;;256;;;;;;;;;;;3;100;0;100;-1;100;-1;-1;-1;-1;-1;0;0;-1;-1;-1;4581;0;0;0;0;0;31536000;;;1;;0;0;0;0;0;0;;;;1;32;3;0
07/24/2016;08:05:28;Step 1;141.62.110.42;GET;im-im2.hdm-stuttgart.de;/css/http1/bootstrap.css;200;136;59;212;339;21657;21237;;;Mon, 24 Jul 2017 08:05:26 GMT;max-age=31536000;text/css;gzip;3;50;;348;;;;;;;;;;;4;100;0;100;-1;100;-1;-1;-1;-1;-1;0;0;-1;-1;-1;21657;0;0;0;0;0;31536000;;;1;;0;0;167;212;0;0;;;;1;32;3;0
07/24/2016;08:05:28;Step 1;141.62.110.42;GET;im-im2.hdm-stuttgart.de;/js/jquery.min.js;200;205;52;212;317;30336;29902;;;Mon, 24 Jul 2017 08:05:26 GMT;max-age=31536000;application/javascript;gzip;3;49;;417;;;;;;;;;;;5;100;0;100;-1;100;-1;-1;-1;-1;-1;0;0;-1;-1;-1;30336;0;0;0;0;0;31536000;;;1;;0;0;166;212;0;0;;;;1;32;3;0
07/24/2016;08:05:28;Step 1;141.62.110.42;GET;im-im2.hdm-stuttgart.de;/js/http1/bootstrap.min.js;200;83;47;212;326;10197;9765;;;Mon, 24 Jul 2017 08:05:26 GMT;max-age=31536000;application/javascript;gzip;3;51;;295;;;;;;;;;;;6;100;0;100;-1;100;-1;-1;-1;-1;-1;0;0;-1;-1;-1;10197;0;0;0;0;0;31536000;;;1;;0;0;178;212;0;0;;;;1;32;3;0
07/24/2016;08:05:28;Step 1;141.62.110.42;GET;im-im2.hdm-stuttgart.de;/uploads/logos/logo-hdm.png;200;70;70;348;327;946;605;;;Tue, 23 Aug 2016 08:05:26 GMT;max-age=2592000;image/png;;3;51;;418;;;;;;;;;;;7;100;0;-1;-1;100;-1;-1;-1;-1;-1;0;0;-1;-1;-1;0;0;0;0;0;0;2592000;;;1;;0;0;0;0;0;0;;;;1;32;3;0
07/24/2016;08:05:28;Step 1;141.62.110.42;GET;im-im2.hdm-stuttgart.de;/uploads/sponsoren/united-internet.png;200;90;70;348;338;10235;9892;;;Tue, 23 Aug 2016 08:05:26 GMT;max-age=2592000;image/png;;3;44;;438;;;;;;;;;;;8;100;0;-1;-1;100;-1;-1;-1;-1;-1;0;0;-1;-1;-1;0;0;0;0;0;0;2592000;;;1;;0;0;0;0;0;0;;;;1;32;3;0
07/24/2016;08:05:28;Step 1;141.62.110.42;GET;im-im2.hdm-stuttgart.de;/uploads/sponsoren/dmc.png;200;70;70;348;326;2571;2206;;;Tue, 23 Aug 2016 08:05:26 GMT;max-age=2592000;image/png;;3;52;;418;;;;;;;;;;;9;100;0;-1;-1;100;-1;-1;-1;-1;-1;0;0;-1;-1;-1;0;0;0;0;0;0;2592000;;;1;;0;0;179;212;0;0;;;;1;32;3;0
07/24/2016;08:05:28;Step 1;141.62.110.42;GET;im-im2.hdm-stuttgart.de;/uploads/sponsoren/burda.png;200;70;70;348;328;4226;3884;;;Tue, 23 Aug 2016 08:05:26 GMT;max-age=2592000;image/png;;3;50;;418;;;;;;;;;;;10;100;0;-1;-1;100;-1;-1;-1;-1;-1;0;0;-1;-1;-1;0;0;0;0;0;0;2592000;;;1;;0;0;0;0;0;0;;;;1;32;3;0
07/24/2016;08:05:28;Step 1;141.62.110.42;GET;im-im2.hdm-stuttgart.de;/uploads/sponsoren/vitra.png;200;63;47;417;328;3770;3428;;;Tue, 23 Aug 2016 08:05:26 GMT;max-age=2592000;image/png;;3;49;;480;;;;;;;;;;;11;100;0;-1;-1;100;-1;-1;-1;-1;-1;0;0;-1;-1;-1;0;0;0;0;0;0;2592000;;;1;;0;0;0;0;0;0;;;;1;32;3;0
07/24/2016;08:05:28;Step 1;141.62.110.42;GET;im-im2.hdm-stuttgart.de;/uploads/sponsoren/ravensburger.png;200;62;48;418;335;3154;2812;;;Tue, 23 Aug 2016 08:05:26 GMT;max-age=2592000;image/png;;3;50;;480;;;;;;;;;;;12;100;0;-1;-1;100;-1;-1;-1;-1;-1;0;0;-1;-1;-1;0;0;0;0;0;0;2592000;;;1;;0;0;0;0;0;0;;;;1;32;3;0
07/24/2016;08:05:28;Step 1;141.62.110.42;GET;im-im2.hdm-stuttgart.de;/uploads/sponsoren/kresse-discher.png;200;62;53;418;337;2672;2330;;;Tue, 23 Aug 2016 08:05:26 GMT;max-age=2592000;image/png;;3;51;;480;;;;;;;;;;;13;100;0;-1;-1;100;-1;-1;-1;-1;-1;0;0;-1;-1;-1;0;0;0;0;0;0;2592000;;;1;;0;0;0;0;0;0;;;;1;32;3;0
07/24/2016;08:05:28;Step 1;141.62.110.42;GET;im-im2.hdm-stuttgart.de;/uploads/professoren/team-hover.jpg;200;671;47;466;346;165840;165493;;;Tue, 23 Aug 2016 08:05:26 GMT;max-age=2592000;image/jpeg;;3;44;;1137;;;;;;;;;;;14;100;0;-1;-1;100;-1;-1;-1;60;-1;0;0;-1;-1;-1;0;0;0;0;165493;65785;2592000;;;1;;0;0;0;0;0;0;;;;1;32;3;0
07/24/2016;08:05:28;Step 1;141.62.110.42;GET;im-im2.hdm-stuttgart.de;/fonts/Amsdam.ttf;200;730;48;467;391;197351;196992;;;Tue, 23 Aug 2016 08:05:26 GMT;max-age=2592000;application/x-font-ttf;;3;52;;1197;;;;;;;;;;;15;100;-1;0;-1;100;-1;-1;-1;-1;-1;0;0;-1;-1;-1;197351;143959;0;0;0;0;2592000;;;1;;0;0;0;0;0;0;;;;1;32;3;0
07/24/2016;08:05:28;Step 1;141.62.110.42;GET;im-im2.hdm-stuttgart.de;/fonts/HdMFrutigerNextPro-Light.woff;200;278;59;467;405;45957;45576;;;Tue, 23 Aug 2016 08:05:26 GMT;max-age=2592000;application/x-font-woff;;3;53;;745;;;;;;;;;;;16;100;-1;-1;-1;100;-1;-1;-1;-1;-1;0;0;-1;-1;-1;0;0;0;0;0;0;2592000;;;1;;0;0;349;418;0;0;;;;1;32;3;0
07/24/2016;08:05:28;Step 1;141.62.110.42;GET;im-im2.hdm-stuttgart.de;/favicon.ico;200;45;45;1232;317;661;318;;;Sun, 31 Jul 2016 08:05:27 GMT;max-age=604800;image/x-icon;;3;52;;1277;;;;;;;;;;;17;100;0;-1;-1;100;-1;-1;-1;-1;-1;0;0;-1;-1;-1;0;0;0;0;0;0;604800;;;1;;0;0;0;0;0;0;;;;1;32;3;0
07/24/2016;08:05:45;Step 1;141.62.110.42;GET;im-im2.hdm-stuttgart.de;/dozenten.html;200;53;42;65;319;7349;6934;;;Sun, 24 Jul 2016 09:05:43 GMT;max-age=3600;text/html;gzip;3;44;;118;;;;;;;;;;;1;50;-1;100;-1;100;-1;-1;-1;-1;-1;0;0;-1;-1;-1;7349;0;0;0;0;0;3600;;;1;;0;30;31;65;0;0;;;;1;33;4;0
07/24/2016;08:05:45;Step 1;141.62.110.42;GET;im-im2.hdm-stuttgart.de;/css/style.css;200;39;39;165;329;1933;1538;;;Mon, 24 Jul 2017 08:05:43 GMT;max-age=31536000;text/css;gzip;3;44;;204;;;;;;;;;;;2;100;0;100;-1;100;-1;-1;-1;-1;-1;0;0;-1;-1;-1;1933;0;0;0;0;0;31536000;;;1;;0;0;0;0;0;0;;;;1;33;4;0
07/24/2016;08:05:45;Step 1;141.62.110.42;GET;im-im2.hdm-stuttgart.de;/css/http1/stylehttp1.css;200;54;44;204;340;4581;4186;;;Mon, 24 Jul 2017 08:05:43 GMT;max-age=31536000;text/css;gzip;3;44;;258;;;;;;;;;;;3;100;0;100;-1;100;-1;-1;-1;-1;-1;0;0;-1;-1;-1;4581;0;0;0;0;0;31536000;;;1;;0;0;0;0;0;0;;;;1;33;4;0
07/24/2016;08:05:45;Step 1;141.62.110.42;GET;im-im2.hdm-stuttgart.de;/css/http1/bootstrap.css;200;131;49;204;339;21657;21237;;;Mon, 24 Jul 2017 08:05:43 GMT;max-age=31536000;text/css;gzip;3;50;;335;;;;;;;;;;;4;100;0;100;-1;100;-1;-1;-1;-1;-1;0;0;-1;-1;-1;21657;0;0;0;0;0;31536000;;;1;;0;0;166;204;0;0;;;;1;33;4;0
07/24/2016;08:05:45;Step 1;141.62.110.42;GET;im-im2.hdm-stuttgart.de;/js/jquery.min.js;200;149;48;215;317;30336;29902;;;Mon, 24 Jul 2017 08:05:43 GMT;max-age=31536000;application/javascript;gzip;3;49;;364;;;;;;;;;;;5;100;0;100;-1;100;-1;-1;-1;-1;-1;0;0;-1;-1;-1;30336;0;0;0;0;0;31536000;;;1;;0;0;165;215;0;0;;;;1;33;4;0
07/24/2016;08:05:45;Step 1;141.62.110.42;GET;im-im2.hdm-stuttgart.de;/js/http1/bootstrap.min.js;200;97;53;215;326;10197;9765;;;Mon, 24 Jul 2017 08:05:43 GMT;max-age=31536000;application/javascript;gzip;3;51;;312;;;;;;;;;;;6;100;0;100;-1;100;-1;-1;-1;-1;-1;0;0;-1;-1;-1;10197;0;0;0;0;0;31536000;;;1;;0;0;181;215;0;0;;;;1;33;4;0
07/24/2016;08:05:45;Step 1;141.62.110.42;GET;im-im2.hdm-stuttgart.de;/uploads/logos/logo-hdm.png;200;75;75;335;327;946;605;;;Tue, 23 Aug 2016 08:05:43 GMT;max-age=2592000;image/png;;3;51;;410;;;;;;;;;;;7;100;0;-1;-1;100;-1;-1;-1;-1;-1;0;0;-1;-1;-1;0;0;0;0;0;0;2592000;;;1;;0;0;0;0;0;0;;;;1;33;4;0
07/24/2016;08:05:45;Step 1;141.62.110.42;GET;im-im2.hdm-stuttgart.de;/uploads/sponsoren/united-internet.png;200;97;74;335;338;10235;9892;;;Tue, 23 Aug 2016 08:05:43 GMT;max-age=2592000;image/png;;3;44;;432;;;;;;;;;;;8;100;0;-1;-1;100;-1;-1;-1;-1;-1;0;0;-1;-1;-1;0;0;0;0;0;0;2592000;;;1;;0;0;0;0;0;0;;;;1;33;4;0
07/24/2016;08:05:45;Step 1;141.62.110.42;GET;im-im2.hdm-stuttgart.de;/uploads/sponsoren/dmc.png;200;75;75;335;326;2571;2206;;;Tue, 23 Aug 2016 08:05:43 GMT;max-age=2592000;image/png;;3;52;;410;;;;;;;;;;;9;100;0;-1;-1;100;-1;-1;-1;-1;-1;0;0;-1;-1;-1;0;0;0;0;0;0;2592000;;;1;;0;0;181;215;0;0;;;;1;33;4;0
07/24/2016;08:05:45;Step 1;141.62.110.42;GET;im-im2.hdm-stuttgart.de;/uploads/sponsoren/burda.png;200;74;74;336;328;4226;3884;;;Tue, 23 Aug 2016 08:05:43 GMT;max-age=2592000;image/png;;3;50;;410;;;;;;;;;;;10;100;0;-1;-1;100;-1;-1;-1;-1;-1;0;0;-1;-1;-1;0;0;0;0;0;0;2592000;;;1;;0;0;0;0;0;0;;;;1;33;4;0
07/24/2016;08:05:45;Step 1;141.62.110.42;GET;im-im2.hdm-stuttgart.de;/uploads/sponsoren/vitra.png;200;68;46;364;328;3770;3428;;;Tue, 23 Aug 2016 08:05:43 GMT;max-age=2592000;image/png;;3;49;;432;;;;;;;;;;;11;100;0;-1;-1;100;-1;-1;-1;-1;-1;0;0;-1;-1;-1;0;0;0;0;0;0;2592000;;;1;;0;0;0;0;0;0;;;;1;33;4;0
07/24/2016;08:05:45;Step 1;141.62.110.42;GET;im-im2.hdm-stuttgart.de;/uploads/professoren/team-hover.jpg;200;608;44;410;346;165840;165493;;;Tue, 23 Aug 2016 08:05:43 GMT;max-age=2592000;image/jpeg;;3;50;;1018;;;;;;;;;;;12;100;0;-1;-1;100;-1;-1;-1;60;-1;0;0;-1;-1;-1;0;0;0;0;165493;65785;2592000;;;1;;0;0;0;0;0;0;;;;1;33;4;0
07/24/2016;08:05:45;Step 1;141.62.110.42;GET;im-im2.hdm-stuttgart.de;/uploads/sponsoren/ravensburger.png;200;66;45;410;335;3154;2812;;;Tue, 23 Aug 2016 08:05:43 GMT;max-age=2592000;image/png;;3;51;;476;;;;;;;;;;;13;100;0;-1;-1;100;-1;-1;-1;-1;-1;0;0;-1;-1;-1;0;0;0;0;0;0;2592000;;;1;;0;0;0;0;0;0;;;;1;33;4;0
07/24/2016;08:05:45;Step 1;141.62.110.42;GET;im-im2.hdm-stuttgart.de;/uploads/sponsoren/kresse-discher.png;200;69;66;410;337;2672;2330;;;Tue, 23 Aug 2016 08:05:43 GMT;max-age=2592000;image/png;;3;52;;479;;;;;;;;;;;14;100;0;-1;-1;100;-1;-1;-1;-1;-1;0;0;-1;-1;-1;0;0;0;0;0;0;2592000;;;1;;0;0;0;0;0;0;;;;1;33;4;0
07/24/2016;08:05:45;Step 1;141.62.110.42;GET;im-im2.hdm-stuttgart.de;/fonts/Amsdam.ttf;200;655;41;483;391;197351;196992;;;Tue, 23 Aug 2016 08:05:43 GMT;max-age=2592000;application/x-font-ttf;;3;49;;1138;;;;;;;;;;;15;100;-1;0;-1;100;-1;-1;-1;-1;-1;0;0;-1;-1;-1;197351;143959;0;0;0;0;2592000;;;1;;0;0;0;0;0;0;;;;1;33;4;0
07/24/2016;08:05:45;Step 1;141.62.110.42;GET;im-im2.hdm-stuttgart.de;/fonts/HdMFrutigerNextPro-Light.woff;200;268;45;484;405;45934;45576;;;Tue, 23 Aug 2016 08:05:43 GMT;max-age=2592000;application/x-font-woff;;3;44;;752;;;;;;;;;;;16;100;-1;-1;-1;100;-1;-1;-1;-1;-1;0;0;-1;-1;-1;0;0;0;0;0;0;2592000;;;1;;0;0;0;0;0;0;;;;1;33;4;0
07/24/2016;08:05:45;Step 1;141.62.110.42;GET;im-im2.hdm-stuttgart.de;/favicon.ico;200;46;46;1150;317;661;318;;;Sun, 31 Jul 2016 08:05:44 GMT;max-age=604800;image/x-icon;;3;49;;1196;;;;;;;;;;;17;100;0;-1;-1;100;-1;-1;-1;-1;-1;0;0;-1;-1;-1;0;0;0;0;0;0;604800;;;1;;0;0;0;0;0;0;;;;1;33;4;0
07/24/2016;08:06:03;Step 1;141.62.110.42;GET;im-im2.hdm-stuttgart.de;/dozenten.html;200;50;39;64;319;7349;6934;;;Sun, 24 Jul 2016 09:06:00 GMT;max-age=3600;text/html;gzip;3;44;;114;;;;;;;;;;;1;50;-1;100;-1;100;-1;-1;-1;-1;-1;0;0;-1;-1;-1;7349;0;0;0;0;0;3600;;;1;;0;29;29;64;0;0;;;;1;34;5;0
07/24/2016;08:06:03;Step 1;141.62.110.42;GET;im-im2.hdm-stuttgart.de;/css/style.css;200;48;48;130;329;1933;1538;;;Mon, 24 Jul 2017 08:06:00 GMT;max-age=31536000;text/css;gzip;3;44;;178;;;;;;;;;;;2;100;0;100;-1;100;-1;-1;-1;-1;-1;0;0;-1;-1;-1;1933;0;0;0;0;0;31536000;;;1;;0;0;0;0;0;0;;;;1;34;5;0
07/24/2016;08:06:03;Step 1;141.62.110.42;GET;im-im2.hdm-stuttgart.de;/css/http1/stylehttp1.css;200;46;41;178;340;4581;4186;;;Mon, 24 Jul 2017 08:06:01 GMT;max-age=31536000;text/css;gzip;3;44;;224;;;;;;;;;;;3;100;0;100;-1;100;-1;-1;-1;-1;-1;0;0;-1;-1;-1;4581;0;0;0;0;0;31536000;;;1;;0;0;0;0;0;0;;;;1;34;5;0
07/24/2016;08:06:03;Step 1;141.62.110.42;GET;im-im2.hdm-stuttgart.de;/css/http1/bootstrap.css;200;142;56;179;339;21657;21237;;;Mon, 24 Jul 2017 08:06:01 GMT;max-age=31536000;text/css;gzip;3;47;;321;;;;;;;;;;;4;100;0;100;-1;100;-1;-1;-1;-1;-1;0;0;-1;-1;-1;21657;0;0;0;0;0;31536000;;;1;;0;0;130;178;0;0;;;;1;34;5;0
07/24/2016;08:06:03;Step 1;141.62.110.42;GET;im-im2.hdm-stuttgart.de;/js/jquery.min.js;200;161;49;179;317;30336;29902;;;Mon, 24 Jul 2017 08:06:01 GMT;max-age=31536000;application/javascript;gzip;3;46;;340;;;;;;;;;;;5;100;0;100;-1;100;-1;-1;-1;-1;-1;0;0;-1;-1;-1;30336;0;0;0;0;0;31536000;;;1;;0;0;130;178;0;0;;;;1;34;5;0
07/24/2016;08:06:03;Step 1;141.62.110.42;GET;im-im2.hdm-stuttgart.de;/js/http1/bootstrap.min.js;200;91;46;194;326;10197;9765;;;Mon, 24 Jul 2017 08:06:01 GMT;max-age=31536000;application/javascript;gzip;3;48;;285;;;;;;;;;;;6;100;0;100;-1;100;-1;-1;-1;-1;-1;0;0;-1;-1;-1;10197;0;0;0;0;0;31536000;;;1;;0;0;159;194;0;0;;;;1;34;5;0
07/24/2016;08:06:03;Step 1;141.62.110.42;GET;im-im2.hdm-stuttgart.de;/uploads/logos/logo-hdm.png;200;120;120;321;327;946;605;;;Tue, 23 Aug 2016 08:06:01 GMT;max-age=2592000;image/png;;3;48;;441;;;;;;;;;;;7;100;0;-1;-1;100;-1;-1;-1;-1;-1;0;0;-1;-1;-1;0;0;0;0;0;0;2592000;;;1;;0;0;0;0;0;0;;;;1;34;5;0
07/24/2016;08:06:03;Step 1;141.62.110.42;GET;im-im2.hdm-stuttgart.de;/uploads/sponsoren/united-internet.png;200;120;120;321;338;10235;9892;;;Tue, 23 Aug 2016 08:06:01 GMT;max-age=2592000;image/png;;3;44;;441;;;;;;;;;;;8;100;0;-1;-1;100;-1;-1;-1;-1;-1;0;0;-1;-1;-1;0;0;0;0;0;0;2592000;;;1;;0;0;0;0;0;0;;;;1;34;5;0
07/24/2016;08:06:03;Step 1;141.62.110.42;GET;im-im2.hdm-stuttgart.de;/uploads/sponsoren/dmc.png;200;119;119;322;326;2571;2206;;;Tue, 23 Aug 2016 08:06:01 GMT;max-age=2592000;image/png;;3;49;;441;;;;;;;;;;;9;100;0;-1;-1;100;-1;-1;-1;-1;-1;0;0;-1;-1;-1;0;0;0;0;0;0;2592000;;;1;;0;0;159;194;0;0;;;;1;34;5;0
07/24/2016;08:06:03;Step 1;141.62.110.42;GET;im-im2.hdm-stuttgart.de;/uploads/sponsoren/burda.png;200;119;119;322;328;4249;3884;;;Tue, 23 Aug 2016 08:06:01 GMT;max-age=2592000;image/png;;3;50;;441;;;;;;;;;;;10;100;0;-1;-1;100;-1;-1;-1;-1;-1;0;0;-1;-1;-1;0;0;0;0;0;0;2592000;;;1;;0;0;159;194;0;0;;;;1;34;5;0
07/24/2016;08:06:03;Step 1;141.62.110.42;GET;im-im2.hdm-stuttgart.de;/uploads/sponsoren/vitra.png;200;119;119;322;328;3770;3428;;;Tue, 23 Aug 2016 08:06:01 GMT;max-age=2592000;image/png;;3;47;;441;;;;;;;;;;;11;100;0;-1;-1;100;-1;-1;-1;-1;-1;0;0;-1;-1;-1;0;0;0;0;0;0;2592000;;;1;;0;0;0;0;0;0;;;;1;34;5;0
07/24/2016;08:06:03;Step 1;141.62.110.42;GET;im-im2.hdm-stuttgart.de;/uploads/sponsoren/ravensburger.png;200;101;101;340;335;3154;2812;;;Tue, 23 Aug 2016 08:06:01 GMT;max-age=2592000;image/png;;3;46;;441;;;;;;;;;;;12;100;0;-1;-1;100;-1;-1;-1;-1;-1;0;0;-1;-1;-1;0;0;0;0;0;0;2592000;;;1;;0;0;0;0;0;0;;;;1;34;5;0
07/24/2016;08:06:03;Step 1;141.62.110.42;GET;im-im2.hdm-stuttgart.de;/uploads/sponsoren/kresse-discher.png;200;54;39;441;337;2672;2330;;;Tue, 23 Aug 2016 08:06:01 GMT;max-age=2592000;image/png;;3;44;;495;;;;;;;;;;;13;100;0;-1;-1;100;-1;-1;-1;-1;-1;0;0;-1;-1;-1;0;0;0;0;0;0;2592000;;;1;;0;0;0;0;0;0;;;;1;34;5;0
07/24/2016;08:06:03;Step 1;141.62.110.42;GET;im-im2.hdm-stuttgart.de;/uploads/professoren/team-hover.jpg;200;668;44;454;346;165840;165493;;;Tue, 23 Aug 2016 08:06:01 GMT;max-age=2592000;image/jpeg;;3;46;;1122;;;;;;;;;;;14;100;0;-1;-1;100;-1;-1;-1;60;-1;0;0;-1;-1;-1;0;0;0;0;165493;65785;2592000;;;1;;0;0;0;0;0;0;;;;1;34;5;0
07/24/2016;08:06:03;Step 1;141.62.110.42;GET;im-im2.hdm-stuttgart.de;/fonts/Amsdam.ttf;200;719;41;454;391;197351;196992;;;Tue, 23 Aug 2016 08:06:01 GMT;max-age=2592000;application/x-font-ttf;;3;47;;1173;;;;;;;;;;;15;100;-1;0;-1;100;-1;-1;-1;-1;-1;0;0;-1;-1;-1;197351;143959;0;0;0;0;2592000;;;1;;0;0;0;0;0;0;;;;1;34;5;0
07/24/2016;08:06:03;Step 1;141.62.110.42;GET;im-im2.hdm-stuttgart.de;/fonts/HdMFrutigerNextPro-Light.woff;200;271;40;455;405;45934;45576;;;Tue, 23 Aug 2016 08:06:01 GMT;max-age=2592000;application/x-font-woff;;3;48;;726;;;;;;;;;;;16;100;-1;-1;-1;100;-1;-1;-1;-1;-1;0;0;-1;-1;-1;0;0;0;0;0;0;2592000;;;1;;0;0;0;0;0;0;;;;1;34;5;0
07/24/2016;08:06:03;Step 1;141.62.110.42;GET;im-im2.hdm-stuttgart.de;/favicon.ico;200;43;43;1229;317;661;318;;;Sun, 31 Jul 2016 08:06:02 GMT;max-age=604800;image/x-icon;;3;47;;1272;;;;;;;;;;;17;100;0;-1;-1;100;-1;-1;-1;-1;-1;0;0;-1;-1;-1;0;0;0;0;0;0;604800;;;1;;0;0;0;0;0;0;;;;1;34;5;0
07/24/2016;08:06:20;Step 1;141.62.110.42;GET;im-im2.hdm-stuttgart.de;/dozenten.html;200;53;42;65;319;7349;6934;;;Sun, 24 Jul 2016 09:06:18 GMT;max-age=3600;text/html;gzip;3;44;;118;;;;;;;;;;;1;50;-1;100;-1;100;-1;-1;-1;-1;-1;0;0;-1;-1;-1;7349;0;0;0;0;0;3600;;;1;;0;30;31;65;0;0;;;;1;32;6;0
07/24/2016;08:06:20;Step 1;141.62.110.42;GET;im-im2.hdm-stuttgart.de;/css/style.css;200;40;39;165;329;1933;1538;;;Mon, 24 Jul 2017 08:06:18 GMT;max-age=31536000;text/css;gzip;3;44;;205;;;;;;;;;;;2;100;0;100;-1;100;-1;-1;-1;-1;-1;0;0;-1;-1;-1;1933;0;0;0;0;0;31536000;;;1;;0;0;0;0;0;0;;;;1;32;6;0
07/24/2016;08:06:20;Step 1;141.62.110.42;GET;im-im2.hdm-stuttgart.de;/css/http1/stylehttp1.css;200;46;41;205;340;4581;4186;;;Mon, 24 Jul 2017 08:06:18 GMT;max-age=31536000;text/css;gzip;3;44;;251;;;;;;;;;;;3;100;0;100;-1;100;-1;-1;-1;-1;-1;0;0;-1;-1;-1;4581;0;0;0;0;0;31536000;;;1;;0;0;0;0;0;0;;;;1;32;6;0
07/24/2016;08:06:20;Step 1;141.62.110.42;GET;im-im2.hdm-stuttgart.de;/css/http1/bootstrap.css;200;127;47;210;339;21657;21237;;;Mon, 24 Jul 2017 08:06:18 GMT;max-age=31536000;text/css;gzip;3;50;;337;;;;;;;;;;;4;100;0;100;-1;100;-1;-1;-1;-1;-1;0;0;-1;-1;-1;21657;0;0;0;0;0;31536000;;;1;;0;0;166;210;0;0;;;;1;32;6;0
07/24/2016;08:06:20;Step 1;141.62.110.42;GET;im-im2.hdm-stuttgart.de;/js/jquery.min.js;200;197;57;210;317;30336;29902;;;Mon, 24 Jul 2017 08:06:18 GMT;max-age=31536000;application/javascript;gzip;3;49;;407;;;;;;;;;;;5;100;0;100;-1;100;-1;-1;-1;-1;-1;0;0;-1;-1;-1;30336;0;0;0;0;0;31536000;;;1;;0;0;166;210;0;0;;;;1;32;6;0
07/24/2016;08:06:20;Step 1;141.62.110.42;GET;im-im2.hdm-stuttgart.de;/js/http1/bootstrap.min.js;200;96;52;210;326;10197;9765;;;Mon, 24 Jul 2017 08:06:18 GMT;max-age=31536000;application/javascript;gzip;3;51;;306;;;;;;;;;;;6;100;0;100;-1;100;-1;-1;-1;-1;-1;0;0;-1;-1;-1;10197;0;0;0;0;0;31536000;;;1;;0;0;177;210;0;0;;;;1;32;6;0
07/24/2016;08:06:20;Step 1;141.62.110.42;GET;im-im2.hdm-stuttgart.de;/uploads/logos/logo-hdm.png;200;71;71;337;327;946;605;;;Tue, 23 Aug 2016 08:06:18 GMT;max-age=2592000;image/png;;3;51;;408;;;;;;;;;;;7;100;0;-1;-1;100;-1;-1;-1;-1;-1;0;0;-1;-1;-1;0;0;0;0;0;0;2592000;;;1;;0;0;0;0;0;0;;;;1;32;6;0
07/24/2016;08:06:20;Step 1;141.62.110.42;GET;im-im2.hdm-stuttgart.de;/uploads/sponsoren/united-internet.png;200;120;71;337;338;10235;9892;;;Tue, 23 Aug 2016 08:06:18 GMT;max-age=2592000;image/png;;3;44;;457;;;;;;;;;;;8;100;0;-1;-1;100;-1;-1;-1;-1;-1;0;0;-1;-1;-1;0;0;0;0;0;0;2592000;;;1;;0;0;0;0;0;0;;;;1;32;6;0
07/24/2016;08:06:20;Step 1;141.62.110.42;GET;im-im2.hdm-stuttgart.de;/uploads/sponsoren/dmc.png;200;71;71;337;326;2571;2206;;;Tue, 23 Aug 2016 08:06:18 GMT;max-age=2592000;image/png;;3;52;;408;;;;;;;;;;;9;100;0;-1;-1;100;-1;-1;-1;-1;-1;0;0;-1;-1;-1;0;0;0;0;0;0;2592000;;;1;;0;0;178;210;0;0;;;;1;32;6;0
07/24/2016;08:06:20;Step 1;141.62.110.42;GET;im-im2.hdm-stuttgart.de;/uploads/sponsoren/burda.png;200;71;71;337;328;4226;3884;;;Tue, 23 Aug 2016 08:06:18 GMT;max-age=2592000;image/png;;3;50;;408;;;;;;;;;;;10;100;0;-1;-1;100;-1;-1;-1;-1;-1;0;0;-1;-1;-1;0;0;0;0;0;0;2592000;;;1;;0;0;0;0;0;0;;;;1;32;6;0
07/24/2016;08:06:20;Step 1;141.62.110.42;GET;im-im2.hdm-stuttgart.de;/uploads/sponsoren/vitra.png;200;60;49;408;328;3770;3428;;;Tue, 23 Aug 2016 08:06:18 GMT;max-age=2592000;image/png;;3;49;;468;;;;;;;;;;;11;100;0;-1;-1;100;-1;-1;-1;-1;-1;0;0;-1;-1;-1;0;0;0;0;0;0;2592000;;;1;;0;0;0;0;0;0;;;;1;32;6;0
07/24/2016;08:06:20;Step 1;141.62.110.42;GET;im-im2.hdm-stuttgart.de;/uploads/sponsoren/ravensburger.png;200;60;49;408;335;3154;2812;;;Tue, 23 Aug 2016 08:06:18 GMT;max-age=2592000;image/png;;3;50;;468;;;;;;;;;;;12;100;0;-1;-1;100;-1;-1;-1;-1;-1;0;0;-1;-1;-1;0;0;0;0;0;0;2592000;;;1;;0;0;0;0;0;0;;;;1;32;6;0
07/24/2016;08:06:20;Step 1;141.62.110.42;GET;im-im2.hdm-stuttgart.de;/uploads/sponsoren/kresse-discher.png;200;60;51;408;337;2672;2330;;;Tue, 23 Aug 2016 08:06:18 GMT;max-age=2592000;image/png;;3;51;;468;;;;;;;;;;;13;100;0;-1;-1;100;-1;-1;-1;-1;-1;0;0;-1;-1;-1;0;0;0;0;0;0;2592000;;;1;;0;0;0;0;0;0;;;;1;32;6;0
07/24/2016;08:06:20;Step 1;141.62.110.42;GET;im-im2.hdm-stuttgart.de;/uploads/professoren/team-hover.jpg;200;662;45;458;346;165840;165493;;;Tue, 23 Aug 2016 08:06:18 GMT;max-age=2592000;image/jpeg;;3;44;;1120;;;;;;;;;;;14;100;0;-1;-1;100;-1;-1;-1;60;-1;0;0;-1;-1;-1;0;0;0;0;165493;65785;2592000;;;1;;0;0;0;0;0;0;;;;1;32;6;0
07/24/2016;08:06:20;Step 1;141.62.110.42;GET;im-im2.hdm-stuttgart.de;/fonts/Amsdam.ttf;200;723;50;458;391;197351;196992;;;Tue, 23 Aug 2016 08:06:18 GMT;max-age=2592000;application/x-font-ttf;;3;52;;1181;;;;;;;;;;;15;100;-1;0;-1;100;-1;-1;-1;-1;-1;0;0;-1;-1;-1;197351;143959;0;0;0;0;2592000;;;1;;0;0;0;0;0;0;;;;1;32;6;0
07/24/2016;08:06:20;Step 1;141.62.110.42;GET;im-im2.hdm-stuttgart.de;/fonts/HdMFrutigerNextPro-Light.woff;200;277;57;459;405;45957;45576;;;Tue, 23 Aug 2016 08:06:18 GMT;max-age=2592000;application/x-font-woff;;3;53;;736;;;;;;;;;;;16;100;-1;-1;-1;100;-1;-1;-1;-1;-1;0;0;-1;-1;-1;0;0;0;0;0;0;2592000;;;1;;0;0;338;408;0;0;;;;1;32;6;0
07/24/2016;08:06:20;Step 1;141.62.110.42;GET;im-im2.hdm-stuttgart.de;/favicon.ico;200;45;45;1228;317;661;318;;;Sun, 31 Jul 2016 08:06:19 GMT;max-age=604800;image/x-icon;;3;52;;1273;;;;;;;;;;;17;100;0;-1;-1;100;-1;-1;-1;-1;-1;0;0;-1;-1;-1;0;0;0;0;0;0;604800;;;1;;0;0;0;0;0;0;;;;1;32;6;0
07/24/2016;08:06:38;Step 1;141.62.110.42;GET;im-im2.hdm-stuttgart.de;/dozenten.html;200;53;42;65;319;7349;6934;;;Sun, 24 Jul 2016 09:06:36 GMT;max-age=3600;text/html;gzip;3;44;;118;;;;;;;;;;;1;50;-1;100;-1;100;-1;-1;-1;-1;-1;0;0;-1;-1;-1;7349;0;0;0;0;0;3600;;;1;;0;30;31;65;0;0;;;;1;34;7;0
07/24/2016;08:06:38;Step 1;141.62.110.42;GET;im-im2.hdm-stuttgart.de;/css/style.css;200;53;43;138;329;1933;1538;;;Mon, 24 Jul 2017 08:06:36 GMT;max-age=31536000;text/css;gzip;3;44;;191;;;;;;;;;;;2;100;0;100;-1;100;-1;-1;-1;-1;-1;0;0;-1;-1;-1;1933;0;0;0;0;0;31536000;;;1;;0;0;0;0;0;0;;;;1;34;7;0
07/24/2016;08:06:38;Step 1;141.62.110.42;GET;im-im2.hdm-stuttgart.de;/css/http1/stylehttp1.css;200;59;44;192;340;4581;4186;;;Mon, 24 Jul 2017 08:06:36 GMT;max-age=31536000;text/css;gzip;3;44;;251;;;;;;;;;;;3;100;0;100;-1;100;-1;-1;-1;-1;-1;0;0;-1;-1;-1;4581;0;0;0;0;0;31536000;;;1;;0;0;0;0;0;0;;;;1;34;7;0
07/24/2016;08:06:38;Step 1;141.62.110.42;GET;im-im2.hdm-stuttgart.de;/css/http1/bootstrap.css;200;135;46;192;339;21657;21237;;;Mon, 24 Jul 2017 08:06:36 GMT;max-age=31536000;text/css;gzip;3;47;;327;;;;;;;;;;;4;100;0;100;-1;100;-1;-1;-1;-1;-1;0;0;-1;-1;-1;21657;0;0;0;0;0;31536000;;;1;;0;0;138;192;0;0;;;;1;34;7;0
07/24/2016;08:06:38;Step 1;141.62.110.42;GET;im-im2.hdm-stuttgart.de;/js/jquery.min.js;200;203;58;192;317;30336;29902;;;Mon, 24 Jul 2017 08:06:36 GMT;max-age=31536000;application/javascript;gzip;3;46;;395;;;;;;;;;;;5;100;0;100;-1;100;-1;-1;-1;-1;-1;0;0;-1;-1;-1;30336;0;0;0;0;0;31536000;;;1;;0;0;138;192;0;0;;;;1;34;7;0
07/24/2016;08:06:38;Step 1;141.62.110.42;GET;im-im2.hdm-stuttgart.de;/js/http1/bootstrap.min.js;200;97;53;196;326;10197;9765;;;Mon, 24 Jul 2017 08:06:36 GMT;max-age=31536000;application/javascript;gzip;3;48;;293;;;;;;;;;;;6;100;0;100;-1;100;-1;-1;-1;-1;-1;0;0;-1;-1;-1;10197;0;0;0;0;0;31536000;;;1;;0;0;157;196;0;0;;;;1;34;7;0
07/24/2016;08:06:38;Step 1;141.62.110.42;GET;im-im2.hdm-stuttgart.de;/uploads/logos/logo-hdm.png;200;68;68;327;327;946;605;;;Tue, 23 Aug 2016 08:06:36 GMT;max-age=2592000;image/png;;3;48;;395;;;;;;;;;;;7;100;0;-1;-1;100;-1;-1;-1;-1;-1;0;0;-1;-1;-1;0;0;0;0;0;0;2592000;;;1;;0;0;0;0;0;0;;;;1;34;7;0
07/24/2016;08:06:38;Step 1;141.62.110.42;GET;im-im2.hdm-stuttgart.de;/uploads/sponsoren/united-internet.png;200;121;67;328;338;10235;9892;;;Tue, 23 Aug 2016 08:06:36 GMT;max-age=2592000;image/png;;3;44;;449;;;;;;;;;;;8;100;0;-1;-1;100;-1;-1;-1;-1;-1;0;0;-1;-1;-1;0;0;0;0;0;0;2592000;;;1;;0;0;0;0;0;0;;;;1;34;7;0
07/24/2016;08:06:38;Step 1;141.62.110.42;GET;im-im2.hdm-stuttgart.de;/uploads/sponsoren/dmc.png;200;67;67;328;326;2571;2206;;;Tue, 23 Aug 2016 08:06:36 GMT;max-age=2592000;image/png;;3;49;;395;;;;;;;;;;;9;100;0;-1;-1;100;-1;-1;-1;-1;-1;0;0;-1;-1;-1;0;0;0;0;0;0;2592000;;;1;;0;0;158;196;0;0;;;;1;34;7;0
07/24/2016;08:06:38;Step 1;141.62.110.42;GET;im-im2.hdm-stuttgart.de;/uploads/sponsoren/burda.png;200;122;68;328;328;4249;3884;;;Tue, 23 Aug 2016 08:06:36 GMT;max-age=2592000;image/png;;3;50;;450;;;;;;;;;;;10;100;0;-1;-1;100;-1;-1;-1;-1;-1;0;0;-1;-1;-1;0;0;0;0;0;0;2592000;;;1;;0;0;158;196;0;0;;;;1;34;7;0
07/24/2016;08:06:38;Step 1;141.62.110.42;GET;im-im2.hdm-stuttgart.de;/uploads/sponsoren/vitra.png;200;67;67;328;328;3770;3428;;;Tue, 23 Aug 2016 08:06:36 GMT;max-age=2592000;image/png;;3;47;;395;;;;;;;;;;;11;100;0;-1;-1;100;-1;-1;-1;-1;-1;0;0;-1;-1;-1;0;0;0;0;0;0;2592000;;;1;;0;0;0;0;0;0;;;;1;34;7;0
07/24/2016;08:06:38;Step 1;141.62.110.42;GET;im-im2.hdm-stuttgart.de;/uploads/sponsoren/ravensburger.png;200;78;55;395;335;3154;2812;;;Tue, 23 Aug 2016 08:06:36 GMT;max-age=2592000;image/png;;3;46;;473;;;;;;;;;;;12;100;0;-1;-1;100;-1;-1;-1;-1;-1;0;0;-1;-1;-1;0;0;0;0;0;0;2592000;;;1;;0;0;0;0;0;0;;;;1;34;7;0
07/24/2016;08:06:38;Step 1;141.62.110.42;GET;im-im2.hdm-stuttgart.de;/uploads/sponsoren/kresse-discher.png;200;53;53;396;337;2672;2330;;;Tue, 23 Aug 2016 08:06:36 GMT;max-age=2592000;image/png;;3;48;;449;;;;;;;;;;;13;100;0;-1;-1;100;-1;-1;-1;-1;-1;0;0;-1;-1;-1;0;0;0;0;0;0;2592000;;;1;;0;0;0;0;0;0;;;;1;34;7;0
07/24/2016;08:06:38;Step 1;141.62.110.42;GET;im-im2.hdm-stuttgart.de;/uploads/professoren/team-hover.jpg;200;670;49;449;346;165840;165493;;;Tue, 23 Aug 2016 08:06:36 GMT;max-age=2592000;image/jpeg;;3;47;;1119;;;;;;;;;;;14;100;0;-1;-1;100;-1;-1;-1;60;-1;0;0;-1;-1;-1;0;0;0;0;165493;65785;2592000;;;1;;0;0;0;0;0;0;;;;1;34;7;0
07/24/2016;08:06:38;Step 1;141.62.110.42;GET;im-im2.hdm-stuttgart.de;/fonts/Amsdam.ttf;200;726;45;449;391;197351;196992;;;Tue, 23 Aug 2016 08:06:36 GMT;max-age=2592000;application/x-font-ttf;;3;49;;1175;;;;;;;;;;;15;100;-1;0;-1;100;-1;-1;-1;-1;-1;0;0;-1;-1;-1;197351;143959;0;0;0;0;2592000;;;1;;0;0;0;0;0;0;;;;1;34;7;0
07/24/2016;08:06:38;Step 1;141.62.110.42;GET;im-im2.hdm-stuttgart.de;/fonts/HdMFrutigerNextPro-Light.woff;200;273;59;449;405;45934;45576;;;Tue, 23 Aug 2016 08:06:36 GMT;max-age=2592000;application/x-font-woff;;3;44;;722;;;;;;;;;;;16;100;-1;-1;-1;100;-1;-1;-1;-1;-1;0;0;-1;-1;-1;0;0;0;0;0;0;2592000;;;1;;0;0;0;0;0;0;;;;1;34;7;0
07/24/2016;08:06:38;Step 1;141.62.110.42;GET;im-im2.hdm-stuttgart.de;/favicon.ico;200;39;39;1214;317;661;318;;;Sun, 31 Jul 2016 08:06:37 GMT;max-age=604800;image/x-icon;;3;49;;1253;;;;;;;;;;;17;100;0;-1;-1;100;-1;-1;-1;-1;-1;0;0;-1;-1;-1;0;0;0;0;0;0;604800;;;1;;0;0;0;0;0;0;;;;1;34;7;0
07/24/2016;08:06:56;Step 1;141.62.110.42;GET;im-im2.hdm-stuttgart.de;/dozenten.html;200;58;42;77;319;7349;6934;;;Sun, 24 Jul 2016 09:06:53 GMT;max-age=3600;text/html;gzip;3;44;;135;;;;;;;;;;;1;50;-1;100;-1;100;-1;-1;-1;-1;-1;0;0;-1;-1;-1;7349;0;0;0;0;0;3600;;;1;;0;42;42;77;0;0;;;;1;34;8;0
07/24/2016;08:06:56;Step 1;141.62.110.42;GET;im-im2.hdm-stuttgart.de;/css/style.css;200;41;41;145;329;1933;1538;;;Mon, 24 Jul 2017 08:06:54 GMT;max-age=31536000;text/css;gzip;3;44;;186;;;;;;;;;;;2;100;0;100;-1;100;-1;-1;-1;-1;-1;0;0;-1;-1;-1;1933;0;0;0;0;0;31536000;;;1;;0;0;0;0;0;0;;;;1;34;8;0
07/24/2016;08:06:56;Step 1;141.62.110.42;GET;im-im2.hdm-stuttgart.de;/css/http1/stylehttp1.css;200;49;44;186;340;4581;4186;;;Mon, 24 Jul 2017 08:06:54 GMT;max-age=31536000;text/css;gzip;3;44;;235;;;;;;;;;;;3;100;0;100;-1;100;-1;-1;-1;-1;-1;0;0;-1;-1;-1;4581;0;0;0;0;0;31536000;;;1;;0;0;0;0;0;0;;;;1;34;8;0
07/24/2016;08:06:56;Step 1;141.62.110.42;GET;im-im2.hdm-stuttgart.de;/css/http1/bootstrap.css;200;126;46;208;339;21657;21237;;;Mon, 24 Jul 2017 08:06:54 GMT;max-age=31536000;text/css;gzip;3;48;;334;;;;;;;;;;;4;100;0;100;-1;100;-1;-1;-1;-1;-1;0;0;-1;-1;-1;21657;0;0;0;0;0;31536000;;;1;;0;0;146;208;0;0;;;;1;34;8;0
07/24/2016;08:06:56;Step 1;141.62.110.42;GET;im-im2.hdm-stuttgart.de;/js/jquery.min.js;200;185;56;208;317;30336;29902;;;Mon, 24 Jul 2017 08:06:54 GMT;max-age=31536000;application/javascript;gzip;3;49;;393;;;;;;;;;;;5;100;0;100;-1;100;-1;-1;-1;-1;-1;0;0;-1;-1;-1;30336;0;0;0;0;0;31536000;;;1;;0;0;170;208;0;0;;;;1;34;8;0
07/24/2016;08:06:56;Step 1;141.62.110.42;GET;im-im2.hdm-stuttgart.de;/js/http1/bootstrap.min.js;200;95;51;208;326;10197;9765;;;Mon, 24 Jul 2017 08:06:54 GMT;max-age=31536000;application/javascript;gzip;3;50;;303;;;;;;;;;;;6;100;0;100;-1;100;-1;-1;-1;-1;-1;0;0;-1;-1;-1;10197;0;0;0;0;0;31536000;;;1;;0;0;170;208;0;0;;;;1;34;8;0
07/24/2016;08:06:56;Step 1;141.62.110.42;GET;im-im2.hdm-stuttgart.de;/uploads/logos/logo-hdm.png;200;59;59;335;327;946;605;;;Tue, 23 Aug 2016 08:06:54 GMT;max-age=2592000;image/png;;3;50;;394;;;;;;;;;;;7;100;0;-1;-1;100;-1;-1;-1;-1;-1;0;0;-1;-1;-1;0;0;0;0;0;0;2592000;;;1;;0;0;0;0;0;0;;;;1;34;8;0
07/24/2016;08:06:56;Step 1;141.62.110.42;GET;im-im2.hdm-stuttgart.de;/uploads/sponsoren/united-internet.png;200;112;72;335;338;10235;9892;;;Tue, 23 Aug 2016 08:06:54 GMT;max-age=2592000;image/png;;3;44;;447;;;;;;;;;;;8;100;0;-1;-1;100;-1;-1;-1;-1;-1;0;0;-1;-1;-1;0;0;0;0;0;0;2592000;;;1;;0;0;0;0;0;0;;;;1;34;8;0
07/24/2016;08:06:56;Step 1;141.62.110.42;GET;im-im2.hdm-stuttgart.de;/uploads/sponsoren/dmc.png;200;71;59;335;326;2571;2206;;;Tue, 23 Aug 2016 08:06:54 GMT;max-age=2592000;image/png;;3;47;;406;;;;;;;;;;;9;100;0;-1;-1;100;-1;-1;-1;-1;-1;0;0;-1;-1;-1;0;0;0;0;0;0;2592000;;;1;;0;0;146;208;0;0;;;;1;34;8;0
07/24/2016;08:06:56;Step 1;141.62.110.42;GET;im-im2.hdm-stuttgart.de;/uploads/sponsoren/burda.png;200;71;71;335;328;4249;3884;;;Tue, 23 Aug 2016 08:06:54 GMT;max-age=2592000;image/png;;3;51;;406;;;;;;;;;;;10;100;0;-1;-1;100;-1;-1;-1;-1;-1;0;0;-1;-1;-1;0;0;0;0;0;0;2592000;;;1;;0;0;170;208;0;0;;;;1;34;8;0
07/24/2016;08:06:56;Step 1;141.62.110.42;GET;im-im2.hdm-stuttgart.de;/uploads/sponsoren/vitra.png;200;72;59;335;328;3770;3428;;;Tue, 23 Aug 2016 08:06:54 GMT;max-age=2592000;image/png;;3;48;;407;;;;;;;;;;;11;100;0;-1;-1;100;-1;-1;-1;-1;-1;0;0;-1;-1;-1;0;0;0;0;0;0;2592000;;;1;;0;0;0;0;0;0;;;;1;34;8;0
07/24/2016;08:06:56;Step 1;141.62.110.42;GET;im-im2.hdm-stuttgart.de;/uploads/sponsoren/ravensburger.png;200;54;54;393;335;3154;2812;;;Tue, 23 Aug 2016 08:06:54 GMT;max-age=2592000;image/png;;3;49;;447;;;;;;;;;;;12;100;0;-1;-1;100;-1;-1;-1;-1;-1;0;0;-1;-1;-1;0;0;0;0;0;0;2592000;;;1;;0;0;0;0;0;0;;;;1;34;8;0
07/24/2016;08:06:56;Step 1;141.62.110.42;GET;im-im2.hdm-stuttgart.de;/uploads/sponsoren/kresse-discher.png;200;65;46;406;337;2672;2330;;;Tue, 23 Aug 2016 08:06:54 GMT;max-age=2592000;image/png;;3;50;;471;;;;;;;;;;;13;100;0;-1;-1;100;-1;-1;-1;-1;-1;0;0;-1;-1;-1;0;0;0;0;0;0;2592000;;;1;;0;0;0;0;0;0;;;;1;34;8;0
07/24/2016;08:06:56;Step 1;141.62.110.42;GET;im-im2.hdm-stuttgart.de;/uploads/professoren/team-hover.jpg;200;665;43;450;346;165840;165493;;;Tue, 23 Aug 2016 08:06:54 GMT;max-age=2592000;image/jpeg;;3;49;;1115;;;;;;;;;;;14;100;0;-1;-1;100;-1;-1;-1;60;-1;0;0;-1;-1;-1;0;0;0;0;165493;65785;2592000;;;1;;0;0;0;0;0;0;;;;1;34;8;0
07/24/2016;08:06:56;Step 1;141.62.110.42;GET;im-im2.hdm-stuttgart.de;/fonts/Amsdam.ttf;200;729;52;451;391;197351;196992;;;Tue, 23 Aug 2016 08:06:54 GMT;max-age=2592000;application/x-font-ttf;;3;48;;1180;;;;;;;;;;;15;100;-1;0;-1;100;-1;-1;-1;-1;-1;0;0;-1;-1;-1;197351;143959;0;0;0;0;2592000;;;1;;0;0;0;0;0;0;;;;1;34;8;0
07/24/2016;08:06:56;Step 1;141.62.110.42;GET;im-im2.hdm-stuttgart.de;/fonts/HdMFrutigerNextPro-Light.woff;200;278;54;451;405;45934;45576;;;Tue, 23 Aug 2016 08:06:54 GMT;max-age=2592000;application/x-font-woff;;3;44;;729;;;;;;;;;;;16;100;-1;-1;-1;100;-1;-1;-1;-1;-1;0;0;-1;-1;-1;0;0;0;0;0;0;2592000;;;1;;0;0;0;0;0;0;;;;1;34;8;0
07/24/2016;08:06:56;Step 1;141.62.110.42;GET;im-im2.hdm-stuttgart.de;/favicon.ico;200;41;41;1200;317;661;318;;;Sun, 31 Jul 2016 08:06:55 GMT;max-age=604800;image/x-icon;;3;48;;1241;;;;;;;;;;;17;100;0;-1;-1;100;-1;-1;-1;-1;-1;0;0;-1;-1;-1;0;0;0;0;0;0;604800;;;1;;0;0;0;0;0;0;;;;1;34;8;0
07/24/2016;08:07:13;Step 1;141.62.110.42;GET;im-im2.hdm-stuttgart.de;/dozenten.html;200;53;42;64;319;7349;6934;;;Sun, 24 Jul 2016 09:07:11 GMT;max-age=3600;text/html;gzip;3;43;;117;;;;;;;;;;;1;50;-1;100;-1;100;-1;-1;-1;-1;-1;0;0;-1;-1;-1;7349;0;0;0;0;0;3600;;;1;;0;29;30;64;0;0;;;;1;32;9;0
07/24/2016;08:07:13;Step 1;141.62.110.42;GET;im-im2.hdm-stuttgart.de;/css/style.css;200;48;47;165;329;1933;1538;;;Mon, 24 Jul 2017 08:07:11 GMT;max-age=31536000;text/css;gzip;3;43;;213;;;;;;;;;;;2;100;0;100;-1;100;-1;-1;-1;-1;-1;0;0;-1;-1;-1;1933;0;0;0;0;0;31536000;;;1;;0;0;0;0;0;0;;;;1;32;9;0
07/24/2016;08:07:13;Step 1;141.62.110.42;GET;im-im2.hdm-stuttgart.de;/css/http1/bootstrap.css;200;133;48;211;339;21657;21237;;;Mon, 24 Jul 2017 08:07:11 GMT;max-age=31536000;text/css;gzip;3;49;;344;;;;;;;;;;;3;100;0;100;-1;100;-1;-1;-1;-1;-1;0;0;-1;-1;-1;21657;0;0;0;0;0;31536000;;;1;;0;0;175;210;0;0;;;;1;32;9;0
07/24/2016;08:07:13;Step 1;141.62.110.42;GET;im-im2.hdm-stuttgart.de;/css/http1/stylehttp1.css;200;53;43;211;340;4604;4186;;;Mon, 24 Jul 2017 08:07:11 GMT;max-age=31536000;text/css;gzip;3;48;;264;;;;;;;;;;;4;100;0;100;-1;100;-1;-1;-1;-1;-1;0;0;-1;-1;-1;4604;0;0;0;0;0;31536000;;;1;;0;0;166;210;0;0;;;;1;32;9;0
07/24/2016;08:07:13;Step 1;141.62.110.42;GET;im-im2.hdm-stuttgart.de;/js/jquery.min.js;200;158;57;212;317;30336;29902;;;Mon, 24 Jul 2017 08:07:11 GMT;max-age=31536000;application/javascript;gzip;3;50;;370;;;;;;;;;;;5;100;0;100;-1;100;-1;-1;-1;-1;-1;0;0;-1;-1;-1;30336;0;0;0;0;0;31536000;;;1;;0;0;178;212;0;0;;;;1;32;9;0
07/24/2016;08:07:13;Step 1;141.62.110.42;GET;im-im2.hdm-stuttgart.de;/js/http1/bootstrap.min.js;200;95;51;213;326;10197;9765;;;Mon, 24 Jul 2017 08:07:11 GMT;max-age=31536000;application/javascript;gzip;3;51;;308;;;;;;;;;;;6;100;0;100;-1;100;-1;-1;-1;-1;-1;0;0;-1;-1;-1;10197;0;0;0;0;0;31536000;;;1;;0;0;179;212;0;0;;;;1;32;9;0
07/24/2016;08:07:13;Step 1;141.62.110.42;GET;im-im2.hdm-stuttgart.de;/uploads/logos/logo-hdm.png;200;75;75;344;327;946;605;;;Tue, 23 Aug 2016 08:07:11 GMT;max-age=2592000;image/png;;3;51;;419;;;;;;;;;;;7;100;0;-1;-1;100;-1;-1;-1;-1;-1;0;0;-1;-1;-1;0;0;0;0;0;0;2592000;;;1;;0;0;0;0;0;0;;;;1;32;9;0
07/24/2016;08:07:13;Step 1;141.62.110.42;GET;im-im2.hdm-stuttgart.de;/uploads/sponsoren/united-internet.png;200;75;75;344;338;10235;9892;;;Tue, 23 Aug 2016 08:07:11 GMT;max-age=2592000;image/png;;3;43;;419;;;;;;;;;;;8;100;0;-1;-1;100;-1;-1;-1;-1;-1;0;0;-1;-1;-1;0;0;0;0;0;0;2592000;;;1;;0;0;0;0;0;0;;;;1;32;9;0
07/24/2016;08:07:13;Step 1;141.62.110.42;GET;im-im2.hdm-stuttgart.de;/uploads/sponsoren/dmc.png;200;74;74;345;326;2548;2206;;;Tue, 23 Aug 2016 08:07:11 GMT;max-age=2592000;image/png;;3;48;;419;;;;;;;;;;;9;100;0;-1;-1;100;-1;-1;-1;-1;-1;0;0;-1;-1;-1;0;0;0;0;0;0;2592000;;;1;;0;0;0;0;0;0;;;;1;32;9;0
07/24/2016;08:07:13;Step 1;141.62.110.42;GET;im-im2.hdm-stuttgart.de;/uploads/sponsoren/burda.png;200;75;75;345;328;4226;3884;;;Tue, 23 Aug 2016 08:07:11 GMT;max-age=2592000;image/png;;3;49;;420;;;;;;;;;;;10;100;0;-1;-1;100;-1;-1;-1;-1;-1;0;0;-1;-1;-1;0;0;0;0;0;0;2592000;;;1;;0;0;0;0;0;0;;;;1;32;9;0
07/24/2016;08:07:13;Step 1;141.62.110.42;GET;im-im2.hdm-stuttgart.de;/uploads/sponsoren/vitra.png;200;51;50;370;328;3770;3428;;;Tue, 23 Aug 2016 08:07:11 GMT;max-age=2592000;image/png;;3;50;;421;;;;;;;;;;;11;100;0;-1;-1;100;-1;-1;-1;-1;-1;0;0;-1;-1;-1;0;0;0;0;0;0;2592000;;;1;;0;0;0;0;0;0;;;;1;32;9;0
07/24/2016;08:07:13;Step 1;141.62.110.42;GET;im-im2.hdm-stuttgart.de;/uploads/sponsoren/ravensburger.png;200;49;49;419;335;3154;2812;;;Tue, 23 Aug 2016 08:07:11 GMT;max-age=2592000;image/png;;3;51;;468;;;;;;;;;;;12;100;0;-1;-1;100;-1;-1;-1;-1;-1;0;0;-1;-1;-1;0;0;0;0;0;0;2592000;;;1;;0;0;0;0;0;0;;;;1;32;9;0
07/24/2016;08:07:13;Step 1;141.62.110.42;GET;im-im2.hdm-stuttgart.de;/uploads/sponsoren/kresse-discher.png;200;58;50;420;337;2672;2330;;;Tue, 23 Aug 2016 08:07:11 GMT;max-age=2592000;image/png;;3;43;;478;;;;;;;;;;;13;100;0;-1;-1;100;-1;-1;-1;-1;-1;0;0;-1;-1;-1;0;0;0;0;0;0;2592000;;;1;;0;0;0;0;0;0;;;;1;32;9;0
07/24/2016;08:07:13;Step 1;141.62.110.42;GET;im-im2.hdm-stuttgart.de;/uploads/professoren/team-hover.jpg;200;611;47;421;346;165840;165493;;;Tue, 23 Aug 2016 08:07:11 GMT;max-age=2592000;image/jpeg;;3;50;;1032;;;;;;;;;;;14;100;0;-1;-1;100;-1;-1;-1;60;-1;0;0;-1;-1;-1;0;0;0;0;165493;65785;2592000;;;1;;0;0;0;0;0;0;;;;1;32;9;0
07/24/2016;08:07:13;Step 1;141.62.110.42;GET;im-im2.hdm-stuttgart.de;/fonts/Amsdam.ttf;200;653;40;498;391;197351;196992;;;Tue, 23 Aug 2016 08:07:11 GMT;max-age=2592000;application/x-font-ttf;;3;49;;1151;;;;;;;;;;;15;100;-1;0;-1;100;-1;-1;-1;-1;-1;0;0;-1;-1;-1;197351;143959;0;0;0;0;2592000;;;1;;0;0;0;0;0;0;;;;1;32;9;0
07/24/2016;08:07:13;Step 1;141.62.110.42;GET;im-im2.hdm-stuttgart.de;/fonts/HdMFrutigerNextPro-Light.woff;200;270;45;498;405;45934;45576;;;Tue, 23 Aug 2016 08:07:11 GMT;max-age=2592000;application/x-font-woff;;3;43;;768;;;;;;;;;;;16;100;-1;-1;-1;100;-1;-1;-1;-1;-1;0;0;-1;-1;-1;0;0;0;0;0;0;2592000;;;1;;0;0;0;0;0;0;;;;1;32;9;0
07/24/2016;08:07:13;Step 1;141.62.110.42;GET;im-im2.hdm-stuttgart.de;/favicon.ico;200;44;44;1163;317;661;318;;;Sun, 31 Jul 2016 08:07:12 GMT;max-age=604800;image/x-icon;;3;49;;1207;;;;;;;;;;;17;100;0;-1;-1;100;-1;-1;-1;-1;-1;0;0;-1;-1;-1;0;0;0;0;0;0;604800;;;1;;0;0;0;0;0;0;;;;1;32;9;0
